AWND,PRCP,SNOW,TAVG,TMAX,TMIN,WT01,WT02,WT03,WT04,WT05,WT06,WT08,WT09,MONTH,DAY,DEPARTURE_DELAY
14.32,0.0,0.0,26,33,22,0.0,0.0,0.0,0.0,0.0,0.0,0.0,0.0,1,1,9
12.75,0.0,0.0,34,41,31,0.0,0.0,0.0,0.0,0.0,0.0,0.0,0.0,1,2,2
10.29,0.62,1.4,28,37,22,1.0,0.0,0.0,1.0,0.0,0.0,0.0,0.0,1,3,25
8.28,0.57,0.0,38,52,35,1.0,1.0,0.0,0.0,0.0,0.0,0.0,0.0,1,4,20
22.15,0.0,0.0,40,50,17,0.0,0.0,0.0,0.0,0.0,0.0,0.0,0.0,1,5,7
8.72,0.02,0.2,17,18,15,0.0,0.0,0.0,0.0,0.0,0.0,0.0,0.0,1,6,30
15.66,0.0,0.0,19,26,4,1.0,0.0,0.0,0.0,0.0,0.0,1.0,0.0,1,7,8
14.32,0.0,0.0,8,19,-1,0.0,0.0,0.0,0.0,0.0,0.0,0.0,0.0,1,8,14
14.32,0.01,0.2,23,30,19,1.0,0.0,0.0,0.0,0.0,0.0,0.0,0.0,1,9,14
11.63,0.0,0.0,22,24,17,0.0,0.0,0.0,0.0,0.0,0.0,0.0,0.0,1,10,10
9.62,0.0,0.0,21,33,15,0.0,0.0,0.0,0.0,0.0,0.0,0.0,0.0,1,11,3
9.4,0.2,0.0,35,38,33,1.0,0.0,0.0,1.0,0.0,0.0,0.0,0.0,1,12,7
10.51,0.0,0.0,27,35,15,0.0,0.0,0.0,0.0,0.0,0.0,0.0,0.0,1,13,-1
8.72,0.0,0.0,18,25,14,1.0,0.0,0.0,0.0,0.0,0.0,0.0,0.0,1,14,4
9.62,0.12,0.8,26,31,25,1.0,0.0,0.0,0.0,0.0,1.0,1.0,0.0,1,15,15
15.66,0.0,0.0,28,38,15,0.0,0.0,0.0,0.0,0.0,0.0,0.0,0.0,1,16,5
10.96,0.0,0.0,16,22,9,0.0,0.0,0.0,0.0,0.0,0.0,0.0,0.0,1,17,1
9.84,0.15,0.0,32,51,20,1.0,0.0,0.0,0.0,0.0,0.0,0.0,0.0,1,18,4
15.21,0.0,0.0,42,46,32,0.0,0.0,0.0,0.0,0.0,0.0,0.0,0.0,1,19,2
13.42,0.0,0.0,33,39,27,0.0,0.0,0.0,0.0,0.0,0.0,0.0,0.0,1,20,-1
6.71,0.0,0.0,27,34,22,0.0,0.0,0.0,0.0,0.0,0.0,0.0,0.0,1,21,0
6.93,0.0,0.0,32,37,29,0.0,0.0,0.0,0.0,0.0,0.0,0.0,0.0,1,22,0
10.29,0.0,0.0,31,37,24,0.0,0.0,0.0,0.0,0.0,0.0,0.0,0.0,1,23,1
10.29,0.71,5.1,32,34,31,1.0,1.0,0.0,0.0,0.0,1.0,0.0,0.0,1,24,21
14.32,0.0,0.0,33,38,19,0.0,0.0,0.0,0.0,0.0,0.0,0.0,0.0,1,25,1
16.33,0.1,2.3,20,29,11,1.0,0.0,0.0,0.0,0.0,0.0,1.0,0.0,1,26,17
12.75,0.01,0.2,17,24,13,0.0,0.0,0.0,0.0,0.0,0.0,0.0,0.0,1,28,19
4.25,0.0,0.0,21,32,10,0.0,0.0,0.0,0.0,0.0,0.0,0.0,0.0,1,29,11
11.86,0.06,0.7,31,34,19,1.0,0.0,0.0,0.0,0.0,0.0,0.0,1.0,1,30,10
21.92,0.05,1.3,18,21,11,1.0,1.0,0.0,0.0,0.0,0.0,1.0,1.0,1,31,13
11.86,0.0,0.0,19,30,12,0.0,0.0,0.0,0.0,0.0,0.0,0.0,0.0,2,1,6
18.12,0.78,16.2,20,31,10,1.0,1.0,0.0,0.0,0.0,0.0,1.0,1.0,2,2,143
12.97,0.0,0.0,13,22,6,0.0,0.0,0.0,0.0,0.0,0.0,1.0,1.0,2,3,47
9.4,0.01,0.0,23,38,14,0.0,0.0,0.0,0.0,0.0,0.0,0.0,0.0,2,4,8
14.76,0.09,0.8,31,36,7,1.0,0.0,0.0,0.0,0.0,0.0,1.0,0.0,2,5,34
11.41,0.0,0.0,12,21,5,0.0,0.0,0.0,0.0,0.0,0.0,0.0,0.0,2,6,7
10.74,0.07,0.9,23,29,16,1.0,0.0,0.0,0.0,0.0,0.0,0.0,0.0,2,7,4
13.42,0.37,7.4,26,29,13,1.0,0.0,0.0,0.0,0.0,0.0,0.0,0.0,2,8,41
14.99,0.88,14.8,17,25,14,1.0,1.0,0.0,0.0,0.0,0.0,0.0,1.0,2,9,68
11.18,0.05,0.7,20,30,14,1.0,0.0,0.0,0.0,0.0,0.0,0.0,1.0,2,10,28
11.63,0.01,0.5,22,25,14,1.0,0.0,0.0,0.0,0.0,0.0,1.0,1.0,2,11,20
5.37,0.03,1.0,21,30,16,1.0,0.0,0.0,0.0,0.0,0.0,1.0,0.0,2,12,20
15.43,0.0,0.0,16,22,7,0.0,0.0,0.0,0.0,0.0,0.0,1.0,0.0,2,13,16
9.62,0.23,3.2,13,30,3,1.0,0.0,0.0,0.0,0.0,0.0,0.0,0.0,2,14,24
20.8,0.39,13.0,19,20,-2,1.0,1.0,0.0,0.0,0.0,0.0,0.0,1.0,2,15,61
19.69,0.0,0.0,6,19,-3,0.0,0.0,0.0,0.0,0.0,0.0,0.0,1.0,2,16,63
7.83,0.02,0.6,15,23,10,0.0,0.0,0.0,0.0,0.0,0.0,0.0,0.0,2,17,29
5.37,0.01,0.0,23,29,17,1.0,0.0,0.0,0.0,0.0,0.0,1.0,0.0,2,18,8
14.09,0.06,2.4,25,30,10,1.0,0.0,0.0,0.0,0.0,0.0,1.0,1.0,2,19,16
18.57,0.0,0.0,11,20,5,0.0,0.0,0.0,0.0,0.0,0.0,0.0,0.0,2,20,20
11.18,0.17,1.1,17,34,4,1.0,0.0,0.0,0.0,0.0,0.0,0.0,0.0,2,21,19
5.14,0.11,0.1,33,39,28,1.0,0.0,0.0,0.0,0.0,0.0,0.0,0.0,2,22,23
14.54,0.0,0.0,27,33,4,0.0,0.0,0.0,0.0,0.0,0.0,0.0,0.0,2,23,7
9.4,0.0,0.0,9,19,2,1.0,0.0,0.0,0.0,0.0,0.0,0.0,0.0,2,24,7
10.74,0.07,1.9,23,35,14,1.0,0.0,0.0,0.0,0.0,0.0,1.0,0.0,2,25,12
9.17,0.02,0.2,21,22,17,1.0,0.0,0.0,0.0,0.0,0.0,1.0,0.0,2,26,15
8.28,0.0,0.0,20,27,15,0.0,0.0,0.0,0.0,0.0,0.0,0.0,0.0,2,27,6
8.72,0.0,0.0,21,31,12,0.0,0.0,0.0,0.0,0.0,0.0,0.0,0.0,2,28,9
6.04,0.17,1.9,23,30,12,1.0,0.0,0.0,0.0,0.0,0.0,0.0,0.0,3,1,30
14.32,0.01,0.2,30,37,26,1.0,0.0,0.0,0.0,0.0,0.0,0.0,0.0,3,2,24
10.07,0.26,1.6,26,33,20,1.0,0.0,0.0,1.0,0.0,1.0,0.0,0.0,3,3,9
11.41,0.02,0.0,36,43,33,1.0,0.0,0.0,0.0,0.0,1.0,0.0,0.0,3,4,10
11.86,0.0,0.0,33,39,18,0.0,0.0,0.0,0.0,0.0,0.0,0.0,0.0,3,5,27
10.51,0.0,0.0,18,24,9,0.0,0.0,0.0,0.0,0.0,0.0,0.0,0.0,3,6,15
10.74,0.0,0.0,25,38,17,0.0,0.0,0.0,0.0,0.0,0.0,0.0,0.0,3,7,4
8.5,0.0,0.0,33,42,24,0.0,0.0,0.0,0.0,0.0,0.0,0.0,0.0,3,8,5
10.07,0.0,0.0,37,48,26,0.0,0.0,0.0,0.0,0.0,0.0,0.0,0.0,3,9,9
6.71,0.06,0.0,39,48,31,1.0,0.0,0.0,0.0,0.0,0.0,0.0,0.0,3,10,1
11.63,0.01,0.0,46,57,37,1.0,1.0,0.0,0.0,0.0,0.0,0.0,0.0,3,11,-1
17.0,0.0,0.0,39,43,25,0.0,0.0,0.0,0.0,0.0,0.0,0.0,0.0,3,12,4
10.51,0.0,0.0,30,40,24,0.0,0.0,0.0,0.0,0.0,0.0,0.0,0.0,3,13,2
8.05,0.8,0.0,34,39,31,1.0,1.0,0.0,0.0,0.0,0.0,0.0,0.0,3,14,11
13.87,0.27,2.9,36,41,27,1.0,1.0,0.0,0.0,0.0,0.0,0.0,0.0,3,15,26
8.72,0.0,0.0,33,45,26,0.0,0.0,0.0,0.0,0.0,0.0,0.0,0.0,3,16,10
14.32,0.14,0.0,39,51,28,1.0,0.0,0.0,1.0,0.0,0.0,0.0,0.0,3,17,8
21.7,0.0,0.0,27,30,22,0.0,0.0,0.0,0.0,0.0,0.0,0.0,0.0,3,18,8
15.66,0.0,0.0,25,34,19,0.0,0.0,0.0,0.0,0.0,0.0,0.0,0.0,3,19,2
3.58,0.05,0.5,27,32,23,1.0,0.0,0.0,0.0,0.0,0.0,0.0,0.0,3,20,14
6.49,0.09,1.2,30,41,28,1.0,0.0,0.0,0.0,0.0,0.0,0.0,0.0,3,21,12
17.9,0.0,0.0,32,39,21,0.0,0.0,0.0,0.0,0.0,0.0,0.0,0.0,3,22,0
15.21,0.0,0.0,24,33,18,0.0,0.0,0.0,0.0,0.0,0.0,0.0,0.0,3,23,5
7.61,0.0,0.0,27,35,20,0.0,0.0,0.0,0.0,0.0,0.0,0.0,0.0,3,24,2
8.95,0.04,0.0,35,49,28,0.0,0.0,0.0,0.0,0.0,0.0,0.0,0.0,3,25,2
8.72,0.8,0.0,44,56,38,1.0,1.0,0.0,0.0,0.0,0.0,0.0,0.0,3,26,22
5.37,0.21,0.0,42,44,37,1.0,0.0,0.0,0.0,0.0,0.0,0.0,0.0,3,27,10
12.53,0.12,0.3,36,40,30,1.0,0.0,0.0,0.0,0.0,0.0,0.0,0.0,3,28,7
9.4,0.0,0.0,33,42,26,0.0,0.0,0.0,0.0,0.0,0.0,0.0,0.0,3,29,4
12.97,0.0,0.0,36,45,30,0.0,0.0,0.0,0.0,0.0,0.0,0.0,0.0,3,30,21
12.3,0.0,0.0,42,50,37,0.0,0.0,0.0,0.0,0.0,0.0,0.0,0.0,3,31,2
10.07,0.0,0.0,39,47,30,0.0,0.0,0.0,0.0,0.0,0.0,0.0,0.0,4,1,3
12.75,0.0,0.0,43,61,30,0.0,0.0,0.0,0.0,0.0,0.0,0.0,0.0,4,2,8
12.08,0.03,0.0,54,59,45,1.0,0.0,0.0,0.0,0.0,0.0,0.0,0.0,4,3,6
16.33,0.39,0.0,47,52,36,1.0,1.0,1.0,0.0,0.0,0.0,0.0,0.0,4,4,12
14.99,0.0,0.0,39,49,32,0.0,0.0,0.0,0.0,0.0,0.0,0.0,0.0,4,5,8
8.72,0.0,0.0,39,42,36,0.0,0.0,0.0,0.0,0.0,0.0,0.0,0.0,4,6,0
8.05,0.03,0.0,39,42,36,1.0,0.0,0.0,0.0,0.0,0.0,0.0,0.0,4,7,3
16.78,0.26,0.0,37,42,34,1.0,0.0,0.0,1.0,1.0,0.0,0.0,0.0,4,8,9
16.55,0.09,0.0,35,37,33,1.0,0.0,0.0,0.0,0.0,0.0,0.0,0.0,4,9,20
8.05,0.09,0.0,40,55,36,1.0,0.0,0.0,0.0,0.0,0.0,0.0,0.0,4,10,25
17.0,0.0,0.0,53,57,42,0.0,0.0,0.0,0.0,0.0,0.0,0.0,0.0,4,11,2
8.95,0.0,0.0,51,68,39,0.0,0.0,0.0,0.0,0.0,0.0,0.0,0.0,4,12,3
12.3,0.0,0.0,56,69,41,0.0,0.0,0.0,0.0,0.0,0.0,0.0,0.0,4,13,4
10.96,0.01,0.0,59,65,52,0.0,0.0,0.0,0.0,0.0,0.0,0.0,0.0,4,14,0
11.63,0.0,0.0,59,67,50,0.0,0.0,0.0,0.0,0.0,0.0,0.0,0.0,4,15,3
10.07,0.0,0.0,51,60,41,0.0,0.0,0.0,0.0,0.0,0.0,0.0,0.0,4,16,2
13.2,0.06,0.0,54,65,47,0.0,0.0,0.0,0.0,0.0,0.0,0.0,0.0,4,17,5
8.72,0.0,0.0,54,60,43,0.0,0.0,0.0,0.0,0.0,0.0,0.0,0.0,4,18,2
11.41,0.0,0.0,46,50,41,0.0,0.0,0.0,0.0,0.0,0.0,0.0,0.0,4,19,4
13.87,0.61,0.0,43,51,41,1.0,0.0,0.0,0.0,0.0,0.0,0.0,0.0,4,20,28
9.62,0.54,0.0,56,65,46,1.0,1.0,1.0,0.0,0.0,0.0,0.0,0.0,4,21,8
14.76,0.0,0.0,56,67,43,0.0,0.0,0.0,0.0,0.0,0.0,0.0,0.0,4,22,9
15.88,0.0,0.0,47,51,38,0.0,0.0,0.0,0.0,0.0,0.0,0.0,0.0,4,23,1
15.43,0.0,0.0,43,50,37,0.0,0.0,0.0,0.0,0.0,0.0,0.0,0.0,4,24,5
10.51,0.0,0.0,45,56,36,0.0,0.0,0.0,0.0,0.0,0.0,0.0,0.0,4,25,3
6.49,0.0,0.0,47,56,43,0.0,0.0,0.0,0.0,0.0,0.0,0.0,0.0,4,26,3
11.41,0.1,0.0,51,57,45,1.0,0.0,0.0,0.0,0.0,0.0,0.0,0.0,4,27,2
14.32,0.07,0.0,49,64,42,1.0,0.0,0.0,0.0,0.0,0.0,0.0,0.0,4,28,0
8.72,0.0,0.0,52,54,48,0.0,0.0,0.0,0.0,0.0,0.0,0.0,0.0,4,29,0
8.95,0.0,0.0,50,55,44,0.0,0.0,0.0,0.0,0.0,0.0,0.0,0.0,4,30,4
7.83,0.0,0.0,45,49,39,0.0,0.0,0.0,0.0,0.0,0.0,0.0,0.0,5,1,0
6.93,0.0,0.0,43,50,39,0.0,0.0,0.0,0.0,0.0,0.0,0.0,0.0,5,2,-1
8.5,0.0,0.0,53,67,45,0.0,0.0,0.0,0.0,0.0,0.0,0.0,0.0,5,3,2
13.2,0.0,0.0,63,84,49,0.0,0.0,0.0,0.0,0.0,0.0,0.0,0.0,5,4,0
9.62,0.02,0.0,66,70,54,0.0,0.0,0.0,0.0,0.0,0.0,0.0,0.0,5,5,0
9.4,0.0,0.0,61,73,52,0.0,0.0,0.0,0.0,0.0,0.0,0.0,0.0,5,6,6
10.51,0.0,0.0,65,79,53,0.0,0.0,0.0,0.0,0.0,0.0,0.0,0.0,5,7,4
11.63,0.0,0.0,60,71,46,0.0,0.0,0.0,0.0,0.0,0.0,0.0,0.0,5,8,8
7.61,0.0,0.0,51,71,46,1.0,0.0,0.0,0.0,0.0,0.0,0.0,0.0,5,9,5
13.42,0.0,0.0,71,89,59,0.0,0.0,0.0,0.0,0.0,0.0,0.0,0.0,5,10,9
9.62,0.0,0.0,68,80,50,1.0,0.0,0.0,0.0,0.0,0.0,0.0,0.0,5,11,20
9.17,0.02,0.0,57,87,48,1.0,1.0,0.0,0.0,0.0,0.0,0.0,0.0,5,12,3
14.32,0.0,0.0,64,69,53,0.0,0.0,0.0,0.0,0.0,0.0,0.0,0.0,5,13,2
9.4,0.0,0.0,58,69,49,0.0,0.0,0.0,0.0,0.0,0.0,0.0,0.0,5,14,2
6.49,0.0,0.0,59,67,48,0.0,0.0,0.0,0.0,0.0,0.0,0.0,0.0,5,15,1
7.83,0.0,0.0,61,71,55,0.0,0.0,0.0,0.0,0.0,0.0,0.0,0.0,5,16,4
7.83,0.0,0.0,61,67,52,1.0,1.0,0.0,0.0,0.0,0.0,0.0,0.0,5,17,5
10.29,0.0,0.0,53,58,49,1.0,0.0,0.0,0.0,0.0,0.0,0.0,0.0,5,18,27
9.84,0.27,0.0,56,65,52,1.0,0.0,0.0,0.0,0.0,0.0,0.0,0.0,5,19,17
13.87,0.0,0.0,61,66,51,0.0,0.0,0.0,0.0,0.0,0.0,0.0,0.0,5,20,3
9.62,0.0,0.0,57,67,45,0.0,0.0,0.0,0.0,0.0,0.0,0.0,0.0,5,21,3
12.97,0.0,0.0,62,76,52,0.0,0.0,0.0,0.0,0.0,0.0,0.0,0.0,5,22,0
13.2,0.0,0.0,56,65,44,0.0,0.0,0.0,0.0,0.0,0.0,0.0,0.0,5,23,-1
15.66,0.0,0.0,65,83,51,0.0,0.0,0.0,0.0,0.0,0.0,0.0,0.0,5,24,-1
10.74,0.0,0.0,70,81,58,0.0,0.0,0.0,0.0,0.0,0.0,0.0,0.0,5,25,0
16.33,0.0,0.0,73,87,64,0.0,0.0,0.0,0.0,0.0,0.0,0.0,0.0,5,26,5
16.11,0.0,0.0,74,85,65,0.0,0.0,0.0,0.0,0.0,0.0,0.0,0.0,5,27,23
13.2,0.0,0.0,74,86,64,0.0,0.0,0.0,0.0,0.0,0.0,0.0,0.0,5,28,11
8.05,0.0,0.0,67,72,55,1.0,1.0,0.0,0.0,0.0,0.0,0.0,0.0,5,29,11
14.54,0.0,0.0,69,88,58,0.0,0.0,0.0,0.0,0.0,0.0,0.0,0.0,5,30,6
13.87,0.91,0.0,67,77,48,1.0,0.0,0.0,0.0,0.0,0.0,0.0,0.0,5,31,46
13.65,0.38,0.0,48,49,47,1.0,0.0,0.0,0.0,0.0,0.0,0.0,0.0,6,1,32
11.18,0.74,0.0,47,49,46,1.0,0.0,0.0,0.0,0.0,0.0,0.0,0.0,6,2,16
6.93,0.0,0.0,50,56,47,0.0,0.0,0.0,0.0,0.0,0.0,0.0,0.0,6,3,3
6.26,0.0,0.0,52,58,49,0.0,0.0,0.0,0.0,0.0,0.0,1.0,0.0,6,4,4
7.61,0.0,0.0,54,59,50,0.0,0.0,0.0,0.0,0.0,0.0,0.0,0.0,6,5,2
6.93,0.09,0.0,58,67,52,1.0,0.0,0.0,0.0,0.0,0.0,0.0,0.0,6,6,1
10.74,0.0,0.0,59,67,53,0.0,0.0,0.0,0.0,0.0,0.0,0.0,0.0,6,7,2
16.55,0.0,0.0,63,76,53,0.0,0.0,0.0,0.0,0.0,0.0,0.0,0.0,6,8,18
13.2,0.0,0.0,69,78,64,0.0,0.0,0.0,0.0,0.0,0.0,0.0,0.0,6,9,7
10.96,0.0,0.0,71,82,62,0.0,0.0,0.0,0.0,0.0,0.0,0.0,0.0,6,10,3
13.65,0.0,0.0,75,88,64,0.0,0.0,0.0,0.0,0.0,0.0,0.0,0.0,6,11,7
8.95,0.0,0.0,74,79,65,0.0,0.0,0.0,0.0,0.0,0.0,0.0,0.0,6,12,5
8.5,0.0,0.0,73,85,64,0.0,0.0,0.0,0.0,0.0,0.0,0.0,0.0,6,13,3
9.62,0.0,0.0,70,74,62,0.0,0.0,0.0,0.0,0.0,0.0,0.0,0.0,6,14,10
9.17,0.4,0.0,58,63,54,1.0,0.0,0.0,0.0,0.0,0.0,0.0,0.0,6,15,27
4.7,0.0,0.0,59,71,56,1.0,0.0,0.0,0.0,0.0,0.0,0.0,0.0,6,16,17
9.84,0.0,0.0,66,69,59,0.0,0.0,0.0,0.0,0.0,0.0,0.0,0.0,6,17,8
10.29,0.0,0.0,65,76,57,0.0,0.0,0.0,0.0,0.0,0.0,0.0,0.0,6,18,16
9.62,0.0,0.0,69,86,63,0.0,0.0,0.0,0.0,0.0,0.0,0.0,0.0,6,19,9
9.17,0.04,0.0,65,75,58,0.0,0.0,0.0,0.0,0.0,0.0,0.0,0.0,6,20,4
6.04,1.72,0.0,66,76,60,1.0,0.0,0.0,0.0,0.0,0.0,0.0,0.0,6,21,14
5.82,0.0,0.0,66,77,61,1.0,1.0,0.0,0.0,0.0,0.0,0.0,0.0,6,22,8
11.41,0.01,0.0,72,88,60,0.0,0.0,0.0,0.0,0.0,0.0,0.0,0.0,6,23,28
11.18,0.0,0.0,76,84,67,0.0,0.0,0.0,0.0,0.0,0.0,0.0,0.0,6,24,8
7.16,0.0,0.0,73,81,64,0.0,0.0,0.0,0.0,0.0,0.0,0.0,0.0,6,25,12
8.5,0.0,0.0,68,72,59,0.0,0.0,0.0,0.0,0.0,0.0,0.0,0.0,6,26,4
7.16,0.2,0.0,63,68,57,1.0,0.0,0.0,0.0,0.0,0.0,0.0,0.0,6,27,11
17.9,1.43,0.0,59,59,52,1.0,0.0,0.0,0.0,0.0,0.0,0.0,0.0,6,28,25
6.93,0.0,0.0,60,75,53,1.0,0.0,0.0,0.0,0.0,0.0,0.0,0.0,6,29,6
6.93,0.0,0.0,68,75,60,0.0,0.0,0.0,0.0,0.0,0.0,0.0,0.0,6,30,7
11.18,0.54,0.0,69,82,62,1.0,0.0,1.0,0.0,0.0,0.0,0.0,0.0,7,1,26
9.17,0.0,0.0,72,80,64,0.0,0.0,0.0,0.0,0.0,0.0,0.0,0.0,7,2,8
8.5,0.0,0.0,71,76,63,0.0,0.0,0.0,0.0,0.0,0.0,0.0,0.0,7,3,2
4.47,0.0,0.0,67,72,62,0.0,0.0,0.0,0.0,0.0,0.0,1.0,0.0,7,4,1
8.05,0.0,0.0,71,83,61,0.0,0.0,0.0,0.0,0.0,0.0,0.0,0.0,7,5,4
7.16,0.0,0.0,75,80,68,0.0,0.0,0.0,0.0,0.0,0.0,0.0,0.0,7,6,10
10.51,0.02,0.0,74,84,65,0.0,0.0,0.0,0.0,0.0,0.0,0.0,0.0,7,7,15
11.18,0.0,0.0,79,88,69,1.0,0.0,0.0,0.0,0.0,0.0,0.0,0.0,7,8,18
8.05,0.15,0.0,69,69,63,1.0,0.0,0.0,0.0,0.0,0.0,0.0,0.0,7,9,9
7.61,1.12,0.0,67,77,60,1.0,0.0,0.0,0.0,0.0,0.0,0.0,0.0,7,10,7
8.5,0.0,0.0,75,83,68,0.0,0.0,0.0,0.0,0.0,0.0,0.0,0.0,7,11,2
8.95,0.0,0.0,80,89,72,0.0,0.0,0.0,0.0,0.0,0.0,0.0,0.0,7,12,4
6.49,0.0,0.0,75,77,67,0.0,0.0,0.0,0.0,0.0,0.0,0.0,0.0,7,13,20
8.05,0.03,0.0,71,82,65,1.0,0.0,0.0,0.0,0.0,0.0,1.0,0.0,7,14,24
7.38,0.0,0.0,74,82,67,1.0,0.0,0.0,0.0,0.0,0.0,0.0,0.0,7,15,18
11.18,0.0,0.0,65,68,59,0.0,0.0,0.0,0.0,0.0,0.0,0.0,0.0,7,16,6
9.17,0.0,0.0,67,75,60,0.0,0.0,0.0,0.0,0.0,0.0,0.0,0.0,7,17,4
10.96,0.14,0.0,70,78,64,1.0,0.0,0.0,0.0,0.0,0.0,0.0,0.0,7,18,21
9.4,0.0,0.0,78,90,71,0.0,0.0,0.0,0.0,0.0,0.0,0.0,0.0,7,19,8
9.17,0.0,0.0,83,92,70,0.0,0.0,0.0,0.0,0.0,0.0,0.0,0.0,7,20,5
6.49,0.0,0.0,78,81,70,0.0,0.0,0.0,0.0,0.0,0.0,0.0,0.0,7,21,13
11.63,0.0,0.0,76,84,69,0.0,0.0,0.0,0.0,0.0,0.0,0.0,0.0,7,22,2
7.38,0.0,0.0,74,82,67,0.0,0.0,0.0,0.0,0.0,0.0,0.0,0.0,7,23,4
8.72,0.01,0.0,72,81,66,0.0,0.0,0.0,0.0,0.0,0.0,0.0,0.0,7,24,4
8.72,0.0,0.0,66,69,62,0.0,0.0,0.0,0.0,0.0,0.0,0.0,0.0,7,25,3
8.28,0.0,0.0,68,79,63,0.0,0.0,0.0,0.0,0.0,0.0,0.0,0.0,7,26,4
8.05,0.06,0.0,75,86,68,0.0,0.0,0.0,0.0,0.0,0.0,1.0,0.0,7,27,8
8.05,0.0,0.0,75,86,70,0.0,0.0,0.0,0.0,0.0,0.0,0.0,0.0,7,28,10
7.38,0.0,0.0,80,92,71,0.0,0.0,0.0,0.0,0.0,0.0,0.0,0.0,7,29,7
14.32,0.02,0.0,83,91,74,0.0,0.0,0.0,0.0,0.0,0.0,0.0,0.0,7,30,24
11.18,0.0,0.0,80,89,73,0.0,0.0,0.0,0.0,0.0,0.0,0.0,0.0,7,31,12
10.51,0.0,0.0,79,90,68,0.0,0.0,0.0,0.0,0.0,0.0,0.0,0.0,8,1,9
11.41,0.0,0.0,78,88,68,0.0,0.0,0.0,0.0,0.0,0.0,0.0,0.0,8,2,4
12.75,0.0,0.0,78,90,68,0.0,0.0,1.0,0.0,0.0,0.0,0.0,0.0,8,3,8
9.4,0.49,0.0,76,89,66,1.0,1.0,1.0,0.0,1.0,0.0,0.0,0.0,8,4,31
10.51,0.0,0.0,75,85,65,0.0,0.0,0.0,0.0,0.0,0.0,0.0,0.0,8,5,5
9.17,0.0,0.0,74,82,65,0.0,0.0,0.0,0.0,0.0,0.0,0.0,0.0,8,6,7
7.83,0.0,0.0,70,73,64,0.0,0.0,0.0,0.0,0.0,0.0,0.0,0.0,8,7,7
6.26,0.0,0.0,67,76,61,0.0,0.0,0.0,0.0,0.0,0.0,0.0,0.0,8,8,5
8.72,0.0,0.0,66,73,62,0.0,0.0,0.0,0.0,0.0,0.0,0.0,0.0,8,9,11
10.29,0.0,0.0,70,83,63,0.0,0.0,0.0,0.0,0.0,0.0,0.0,0.0,8,10,9
9.62,0.83,0.0,68,72,64,1.0,0.0,0.0,0.0,0.0,0.0,0.0,0.0,8,11,27
8.95,0.0,0.0,75,85,68,0.0,0.0,0.0,0.0,0.0,0.0,0.0,0.0,8,12,5
8.05,0.0,0.0,73,82,66,0.0,0.0,0.0,0.0,0.0,0.0,0.0,0.0,8,13,6
9.17,0.0,0.0,75,86,63,0.0,0.0,0.0,0.0,0.0,0.0,0.0,0.0,8,14,5
7.61,0.08,0.0,76,91,68,0.0,0.0,1.0,0.0,0.0,0.0,0.0,0.0,8,15,37
6.71,0.0,0.0,75,90,67,0.0,0.0,0.0,0.0,0.0,0.0,0.0,0.0,8,16,16
7.83,0.0,0.0,80,91,71,0.0,0.0,0.0,0.0,0.0,0.0,0.0,0.0,8,17,10
8.05,0.14,0.0,78,87,71,0.0,0.0,1.0,0.0,0.0,0.0,1.0,0.0,8,18,33
8.72,0.0,0.0,78,88,71,0.0,0.0,0.0,0.0,0.0,0.0,0.0,0.0,8,19,9
10.74,0.0,0.0,73,78,68,1.0,0.0,0.0,0.0,0.0,0.0,0.0,0.0,8,20,31
5.82,0.63,0.0,72,83,67,1.0,1.0,1.0,0.0,0.0,0.0,1.0,0.0,8,21,14
6.93,0.0,0.0,71,73,67,1.0,0.0,0.0,0.0,0.0,0.0,0.0,0.0,8,22,3
8.05,0.02,0.0,68,71,67,1.0,0.0,0.0,0.0,0.0,0.0,0.0,0.0,8,23,14
6.04,0.0,0.0,71,75,68,1.0,0.0,0.0,0.0,0.0,0.0,0.0,0.0,8,24,3
8.5,0.0,0.0,71,81,67,1.0,1.0,0.0,0.0,0.0,0.0,0.0,0.0,8,25,13
7.83,0.0,0.0,76,85,69,1.0,0.0,0.0,0.0,0.0,0.0,0.0,0.0,8,26,1
10.07,0.0,0.0,74,82,65,0.0,0.0,0.0,0.0,0.0,0.0,0.0,0.0,8,27,0
7.61,0.0,0.0,70,75,64,0.0,0.0,0.0,0.0,0.0,0.0,0.0,0.0,8,28,0
7.38,0.0,0.0,72,82,63,0.0,0.0,0.0,0.0,0.0,0.0,0.0,0.0,8,29,0
8.95,0.0,0.0,77,88,69,0.0,0.0,0.0,0.0,0.0,0.0,0.0,0.0,8,30,2
11.18,0.0,0.0,80,90,71,0.0,0.0,0.0,0.0,0.0,0.0,0.0,0.0,8,31,3
9.4,0.0,0.0,76,79,69,0.0,0.0,0.0,0.0,0.0,0.0,0.0,0.0,9,1,1
9.17,0.0,0.0,77,91,66,0.0,0.0,0.0,0.0,0.0,0.0,0.0,0.0,9,2,5
5.59,0.01,0.0,76,82,70,1.0,0.0,1.0,0.0,0.0,0.0,1.0,0.0,9,3,7
10.74,0.0,0.0,69,72,62,1.0,0.0,0.0,0.0,0.0,0.0,0.0,0.0,9,4,13
7.16,0.0,0.0,65,73,58,0.0,0.0,0.0,0.0,0.0,0.0,0.0,0.0,9,5,0
9.62,0.0,0.0,70,82,61,0.0,0.0,0.0,0.0,0.0,0.0,0.0,0.0,9,6,0
11.86,0.0,0.0,77,93,66,0.0,0.0,0.0,0.0,0.0,0.0,0.0,0.0,9,7,3
7.38,0.2,0.0,81,96,72,0.0,0.0,0.0,0.0,0.0,0.0,1.0,0.0,9,8,11
12.75,0.0,0.0,80,93,72,0.0,0.0,0.0,0.0,0.0,0.0,0.0,0.0,9,9,0
10.96,0.17,0.0,74,77,64,1.0,0.0,0.0,0.0,0.0,0.0,0.0,0.0,9,10,25
9.84,0.66,0.0,65,73,63,1.0,0.0,0.0,0.0,0.0,0.0,0.0,0.0,9,11,8
6.49,0.01,0.0,66,71,60,1.0,0.0,0.0,0.0,0.0,0.0,0.0,0.0,9,12,3
9.62,0.38,0.0,64,66,63,1.0,0.0,0.0,0.0,0.0,0.0,0.0,0.0,9,13,5
15.21,0.0,0.0,65,72,57,0.0,0.0,0.0,0.0,0.0,0.0,0.0,0.0,9,14,3
10.74,0.0,0.0,71,84,62,0.0,0.0,0.0,0.0,0.0,0.0,0.0,0.0,9,15,0
6.93,0.0,0.0,73,81,65,0.0,0.0,0.0,0.0,0.0,0.0,0.0,0.0,9,16,0
7.38,0.0,0.0,76,89,64,0.0,0.0,0.0,0.0,0.0,0.0,0.0,0.0,9,17,4
7.61,0.0,0.0,75,85,65,0.0,0.0,0.0,0.0,0.0,0.0,0.0,0.0,9,18,6
9.62,0.0,0.0,70,79,62,1.0,0.0,0.0,0.0,0.0,0.0,0.0,0.0,9,19,2
11.63,0.0,0.0,71,75,57,0.0,0.0,0.0,0.0,0.0,0.0,0.0,0.0,9,20,3
10.74,0.0,0.0,60,66,53,0.0,0.0,0.0,0.0,0.0,0.0,0.0,0.0,9,21,1
9.4,0.0,0.0,63,68,56,0.0,0.0,0.0,0.0,0.0,0.0,0.0,0.0,9,22,-2
5.59,0.0,0.0,61,68,54,0.0,0.0,0.0,0.0,0.0,0.0,0.0,0.0,9,23,-2
8.5,0.0,0.0,65,74,58,0.0,0.0,0.0,0.0,0.0,0.0,0.0,0.0,9,24,1
8.72,0.0,0.0,61,66,55,0.0,0.0,0.0,0.0,0.0,0.0,0.0,0.0,9,25,5
9.62,0.0,0.0,58,63,50,0.0,0.0,0.0,0.0,0.0,0.0,0.0,0.0,9,26,-1
6.93,0.0,0.0,56,64,48,0.0,0.0,0.0,0.0,0.0,0.0,0.0,0.0,9,27,8
6.71,0.0,0.0,65,78,56,0.0,0.0,0.0,0.0,0.0,0.0,0.0,0.0,9,28,4
9.17,0.04,0.0,72,84,65,1.0,1.0,0.0,0.0,0.0,0.0,0.0,0.0,9,29,2
12.97,2.46,0.0,71,78,57,1.0,0.0,0.0,0.0,0.0,0.0,0.0,0.0,9,30,16
10.74,0.0,0.0,53,62,48,0.0,0.0,0.0,0.0,0.0,0.0,0.0,0.0,11,1,2
7.16,0.0,0.0,57,64,51,0.0,0.0,0.0,0.0,0.0,0.0,0.0,0.0,11,2,5
7.61,0.0,0.0,57,73,47,0.0,0.0,0.0,0.0,0.0,0.0,0.0,0.0,11,3,0
6.71,0.0,0.0,57,60,49,0.0,0.0,0.0,0.0,0.0,0.0,0.0,0.0,11,4,0
11.86,0.0,0.0,61,76,50,1.0,0.0,0.0,0.0,0.0,0.0,0.0,0.0,11,5,1
14.54,0.0,0.0,67,73,62,0.0,0.0,0.0,0.0,0.0,0.0,1.0,0.0,11,6,5
13.2,0.0,0.0,62,69,50,0.0,0.0,0.0,0.0,0.0,0.0,0.0,0.0,11,7,-1
11.41,0.0,0.0,51,56,44,0.0,0.0,0.0,0.0,0.0,0.0,0.0,0.0,11,8,2
8.95,0.0,0.0,51,60,41,0.0,0.0,0.0,0.0,0.0,0.0,0.0,0.0,11,9,0
7.61,0.07,0.0,49,53,44,1.0,0.0,0.0,0.0,0.0,0.0,0.0,0.0,11,10,5
16.11,0.54,0.0,48,50,46,1.0,0.0,0.0,0.0,0.0,0.0,0.0,0.0,11,11,6
7.38,0.04,0.0,47,57,46,1.0,0.0,0.0,0.0,0.0,0.0,0.0,0.0,11,12,9
17.9,0.01,0.0,54,59,46,0.0,0.0,0.0,0.0,0.0,0.0,0.0,0.0,11,13,2
16.11,0.0,0.0,45,47,37,0.0,0.0,0.0,0.0,0.0,0.0,0.0,0.0,11,14,0
9.62,0.0,0.0,43,54,37,0.0,0.0,0.0,0.0,0.0,0.0,0.0,0.0,11,15,5
10.74,0.0,0.0,53,61,39,0.0,0.0,0.0,0.0,0.0,0.0,0.0,0.0,11,16,0
6.71,0.0,0.0,40,45,33,0.0,0.0,0.0,0.0,0.0,0.0,0.0,0.0,11,17,3
6.26,0.0,0.0,40,48,31,0.0,0.0,0.0,0.0,0.0,0.0,0.0,0.0,11,18,10
8.95,0.0,0.0,47,55,43,0.0,0.0,0.0,0.0,0.0,0.0,0.0,0.0,11,19,9
12.75,0.86,0.0,56,61,44,1.0,0.0,0.0,0.0,0.0,0.0,0.0,0.0,11,20,5
7.61,0.0,0.0,44,48,38,0.0,0.0,0.0,0.0,0.0,0.0,0.0,0.0,11,21,7
7.16,0.3,0.0,43,49,36,1.0,0.0,0.0,0.0,0.0,0.0,0.0,0.0,11,22,8
13.42,0.04,0.0,40,42,30,0.0,0.0,0.0,0.0,0.0,0.0,0.0,0.0,11,23,1
8.05,0.0,0.0,35,44,29,0.0,0.0,0.0,0.0,0.0,0.0,0.0,0.0,11,24,3
6.04,0.0,0.0,39,44,30,0.0,0.0,0.0,0.0,0.0,0.0,0.0,0.0,11,25,0
9.62,0.0,0.0,46,59,38,1.0,0.0,0.0,0.0,0.0,0.0,0.0,0.0,11,26,0
14.32,0.0,0.0,54,64,48,1.0,0.0,0.0,0.0,0.0,0.0,0.0,0.0,11,27,0
9.62,0.21,0.0,52,60,41,1.0,0.0,0.0,0.0,0.0,0.0,0.0,0.0,11,28,1
9.62,0.0,0.0,38,44,32,0.0,0.0,0.0,0.0,0.0,0.0,1.0,0.0,11,29,3
8.72,0.0,0.0,33,38,28,0.0,0.0,0.0,0.0,0.0,0.0,0.0,0.0,11,30,4
6.04,0.14,0.0,38,45,32,1.0,0.0,0.0,0.0,0.0,0.0,0.0,0.0,12,1,6
3.8,0.32,0.0,43,51,39,1.0,1.0,0.0,0.0,0.0,0.0,0.0,0.0,12,2,13
14.09,0.0,0.0,48,52,41,1.0,1.0,0.0,0.0,0.0,0.0,0.0,0.0,12,3,7
10.74,0.0,0.0,43,48,38,0.0,0.0,0.0,0.0,0.0,0.0,0.0,0.0,12,4,4
6.71,0.0,0.0,44,53,39,0.0,0.0,0.0,0.0,0.0,0.0,0.0,0.0,12,5,0
8.05,0.0,0.0,44,59,36,0.0,0.0,0.0,0.0,0.0,0.0,0.0,0.0,12,6,1
7.38,0.0,0.0,45,56,37,1.0,0.0,0.0,0.0,0.0,0.0,1.0,0.0,12,7,2
10.51,0.0,0.0,42,44,37,0.0,0.0,0.0,0.0,0.0,0.0,0.0,0.0,12,8,0
7.61,0.0,0.0,40,46,37,0.0,0.0,0.0,0.0,0.0,0.0,0.0,0.0,12,9,0
4.92,0.0,0.0,48,58,43,1.0,0.0,0.0,0.0,0.0,0.0,0.0,0.0,12,10,2
7.83,0.0,0.0,49,58,43,1.0,1.0,0.0,0.0,0.0,0.0,0.0,0.0,12,11,3
7.16,0.0,0.0,53,61,49,0.0,0.0,0.0,0.0,0.0,0.0,0.0,0.0,12,12,-1
6.71,0.0,0.0,51,53,46,0.0,0.0,0.0,0.0,0.0,0.0,0.0,0.0,12,13,3
4.25,0.42,0.0,47,58,46,1.0,0.0,0.0,0.0,0.0,0.0,0.0,0.0,12,14,12
14.09,0.19,0.0,55,61,48,1.0,0.0,0.0,0.0,0.0,0.0,0.0,0.0,12,15,3
8.72,0.0,0.0,44,48,38,0.0,0.0,0.0,0.0,0.0,0.0,0.0,0.0,12,16,2
8.05,0.55,0.0,44,52,39,1.0,0.0,0.0,0.0,0.0,0.0,0.0,0.0,12,17,21
10.51,0.04,0.0,49,52,39,1.0,0.0,0.0,0.0,0.0,0.0,0.0,0.0,12,18,10
15.43,0.0,0.0,38,40,33,0.0,0.0,0.0,0.0,0.0,0.0,0.0,0.0,12,19,11
10.29,0.0,0.0,36,41,31,0.0,0.0,0.0,0.0,0.0,0.0,0.0,0.0,12,20,11
16.11,0.0,0.0,42,53,32,0.0,0.0,0.0,0.0,0.0,0.0,0.0,0.0,12,21,13
8.95,0.23,0.0,52,60,48,1.0,0.0,0.0,0.0,0.0,0.0,0.0,0.0,12,22,13
7.38,0.76,0.0,52,56,45,1.0,0.0,0.0,0.0,0.0,0.0,0.0,0.0,12,23,17
8.05,0.24,0.0,55,69,48,1.0,0.0,0.0,0.0,0.0,0.0,0.0,0.0,12,24,12
5.59,0.0,0.0,57,62,49,1.0,0.0,0.0,0.0,0.0,0.0,0.0,0.0,12,25,3
6.71,0.0,0.0,49,55,41,0.0,0.0,0.0,0.0,0.0,0.0,0.0,0.0,12,26,11
6.26,0.26,0.0,46,50,38,1.0,0.0,0.0,0.0,0.0,0.0,0.0,0.0,12,27,17
13.42,0.0,0.0,35,38,29,0.0,0.0,0.0,0.0,0.0,0.0,0.0,0.0,12,28,18
18.12,1.02,0.9,33,40,24,1.0,0.0,0.0,1.0,0.0,1.0,0.0,0.0,12,29,153
6.26,0.03,0.0,26,37,25,1.0,0.0,0.0,0.0,0.0,0.0,0.0,0.0,12,30,32
8.72,0.08,0.0,38,47,33,1.0,0.0,0.0,0.0,0.0,0.0,0.0,0.0,12,31,9
